{
    "D_min": 11.520186917740379,
    "D_max": 185.91329817006516,
    "gamma": 0.46724632086282447,
    "metrics": {
        "mse": 4.92260319831562,
        "mae": 1.7003919261912093
    }
}