{
    "Beginner": {
        "range": [
            1,
            5
        ],
        "count": 242,
        "params": {
            "weights": [
                0.1,
                0.1,
                0.0,
                0.5,
                150.0
            ],
            "physics": [
                0.3007902363670218,
                0.5,
                1.1040017449492143
            ],
            "mae": 0.8271604938271605
        }
    },
    "Novice": {
        "range": [
            5,
            10
        ],
        "count": 411,
        "params": {
            "weights": [
                0.1,
                1.5161567430801437,
                0.0,
                2.0,
                150.0
            ],
            "physics": [
                0.30263574465127596,
                0.5,
                0.9400859244640419
            ],
            "mae": 1.3211678832116789
        }
    },
    "Intermediate": {
        "range": [
            10,
            12
        ],
        "count": 331,
        "params": {
            "weights": [
                0.1,
                2.851272972254005,
                0.0,
                2.0,
                150.0
            ],
            "physics": [
                0.303035564700735,
                0.5,
                0.9449029263771117
            ],
            "mae": 1.1818181818181819
        }
    },
    "Advanced": {
        "range": [
            12,
            14
        ],
        "count": 390,
        "params": {
            "weights": [
                0.5072135494804614,
                3.186839314773851,
                0.0,
                2.0,
                150.0
            ],
            "physics": [
                0.2975439045918055,
                0.95,
                1.0519567478486584
            ],
            "mae": 1.0384615384615385
        }
    },
    "Expert": {
        "range": [
            14,
            16
        ],
        "count": 246,
        "params": {
            "weights": [
                1.1452831952696891,
                5.0,
                0.0,
                2.0,
                150.0
            ],
            "physics": [
                0.05,
                0.95,
                0.9932034677791859
            ],
            "mae": 0.5975609756097561
        }
    },
    "Master": {
        "range": [
            16,
            999
        ],
        "count": 139,
        "params": {
            "weights": [
                4.999727770885187,
                4.9999565623224065,
                2.834478114255221,
                1.9745889791783355,
                144.85868576483406
            ],
            "physics": [
                0.3,
                0.8,
                1.0
            ],
            "mae": 1.1956521739130435
        }
    }
}